city_id,city_name,country,latitude,longitude,weather_date,temp,humidity,cloudiness,wind_speed
4030556,Rikitea,PF,-23.12,-134.97,09/28/20,            74.82,79,3,6.35
3932145,Pisco,PE,-13.7,-76.22,09/28/20,            64.67,82,90,8.05
1607068,Ranot,TH,7.78,100.32,09/28/20,            80.47,77,100,7.16
3882582,Loncoche,CL,-39.37,-72.63,09/28/20,            54.5,66,75,2.24
2137748,Voh,NC,-20.97,164.7,09/28/20,            69.17,87,92,11.01
2155415,New Norfolk,AU,-42.78,147.06,09/28/20,            45.36,87,35,1.66
964420,Port Elizabeth,ZA,-33.92,25.57,09/28/20,            57.2,67,0,10.29
5960603,Geraldton,CA,49.73,-86.95,09/28/20,            51.8,93,90,3.36
2206939,Bluff,NZ,-46.6,168.33,09/28/20,            36,69,85,21.99
5855927,Hilo,US,19.73,-155.09,09/28/20,            68.32,73,20,5.82
2094342,Kavieng,PG,-2.57,150.8,09/28/20,            80.98,75,100,6.2
6185377,Yellowknife,CA,62.46,-114.35,09/28/20,            47.35,93,40,9.17
3831208,Qaanaaq,GL,77.48,-69.36,09/28/20,            14.32,80,0,8.63
2181625,Te Anau,NZ,-45.42,167.72,09/28/20,            28.33,94,74,3.42
3896218,Castro,CL,-42.47,-73.77,09/28/20,            49.51,93,100,4.63
1067565,Beloha,MG,-25.17,45.05,09/28/20,            71.58,75,1,4.68
2521582,Arona,ES,28.1,-16.68,09/28/20,            74.28,57,40,16.11
6050066,La Ronge,CA,55.1,-105.28,09/28/20,            50,81,90,11.41
298033,Viranşehir,TR,37.24,39.76,09/28/20,            81.59,16,0,10.76
1106677,Bambous Virieux,MU,-20.34,57.76,09/28/20,            73.69,83,75,6.93
3372472,Vila Franca do Campo,PT,37.72,-25.43,09/28/20,            73.4,78,20,13.87
2163355,Hobart,AU,-42.88,147.33,09/28/20,            45.63,81,90,4.7
3871616,Santa Cruz,CL,-34.63,-71.37,09/28/20,            65.46,48,100,8.05
3652764,Puerto Ayora,EC,-0.74,-90.35,09/28/20,            72.54,64,40,12.75
3672086,Pizarro,CO,4.95,-77.37,09/28/20,            82.85,70,34,7.74
3355672,Lüderitz,NA,-26.65,15.16,09/28/20,            59.68,53,4,27
964432,Port Alfred,ZA,-33.59,26.89,09/28/20,            56.95,62,0,6.6
2861443,Immenstadt,DE,47.56,10.22,09/28/20,            45.52,79,97,1.01
4034551,Faanui,PF,-16.48,-151.75,09/28/20,            78.26,79,13,18.48
2075265,Busselton,AU,-33.65,115.33,09/28/20,            52.57,80,86,13.15
2246901,Oussouye,SN,12.48,-16.55,09/28/20,            87.76,70,20,4.7
3466165,Cidreira,BR,-30.18,-50.21,09/28/20,            66.63,61,48,12.35
3833367,Ushuaia,AR,-54.8,-68.3,09/28/20,            37.4,64,75,11.41
3446295,Torres,BR,-29.34,-49.73,09/28/20,            71.08,56,17,17.85
3899695,Ancud,CL,-41.87,-73.82,09/28/20,            48.49,93,100,16.31
4035715,Avarua,CK,-21.21,-159.78,09/28/20,            71.6,78,87,5.82
1830377,Lumphat,KH,13.49,106.98,09/28/20,            73.02,97,98,1.83
286621,Salalah,OM,17.02,54.09,09/28/20,            80.6,78,82,8.05
2127202,Anadyr,RU,64.75,177.48,09/28/20,            39.09,80,75,11.79
5880054,Barrow,US,71.29,-156.79,09/28/20,            30.2,86,75,9.17
1006984,East London,ZA,-33.02,27.91,09/28/20,            59,67,18,3.36
3407762,Amapá,BR,1,-52,09/28/20,            96.22,34,0,6.51
1899102,Nagato,JP,34.38,131.2,09/28/20,            63.01,77,75,4.7
241131,Victoria,SC,-4.62,55.45,09/28/20,            80.6,78,20,1.12
3874787,Punta Arenas,CL,-53.15,-70.92,09/28/20,            42.4,48,40,20.8
605155,Kiruna,SE,67.86,20.23,09/28/20,            44.6,93,31,11.41
3115824,Muros,ES,42.78,-9.06,09/28/20,            63.88,74,100,11.01
3461370,Imbituba,BR,-28.24,-48.67,09/28/20,            68,77,75,17.22
3361934,Saldanha,ZA,-33.01,17.94,09/28/20,            57.2,71,3,10.29
2448245,Abalak,NE,15.45,6.28,09/28/20,            98.22,15,83,7.11
3466980,Caravelas,BR,-17.71,-39.25,09/28/20,            81.93,61,0,11.97
4036284,Alofi,NU,-19.06,-169.92,09/28/20,            73.4,100,12,8.05
2035601,Mergen,CN,49.18,125.22,09/28/20,            42.78,80,0,5.23
1079048,Ambovombe,MG,-25.17,46.08,09/28/20,            72.79,77,0,1.83
5053485,Wright,US,45.18,-93.95,09/28/20,            52.14,71,71,11.41
3183364,Alba,IT,44.7,8.03,09/28/20,            55.9,62,0,3.36
5004223,Oakland,US,42.67,-83.4,09/28/20,            56.62,93,90,6.93
3370903,Jamestown,SH,-15.94,-5.72,09/28/20,            62.02,87,72,20.49
1058381,Morondava,MG,-20.28,44.28,09/28/20,            77.29,80,3,15.48
2303611,Esim,GH,4.87,-2.24,09/28/20,            77.07,86,32,6.96
3369157,Cape Town,ZA,-33.93,18.42,09/28/20,            54.72,82,40,6.93
3573061,Saint George,BM,32.38,-64.68,09/28/20,            79.9,74,20,10.29
2077963,Albany,AU,-35.02,117.89,09/28/20,            50,87,55,10.29
3418910,Upernavik,GL,72.79,-56.15,09/28/20,            28.17,95,98,12.66
2126123,Chokurdakh,RU,70.63,147.92,09/28/20,            41.2,75,87,6.87
2122090,Pevek,RU,69.7,170.31,09/28/20,            34.95,85,0,12.24
691650,Petrykiv,UA,49.53,25.58,09/28/20,            62.01,69,94,8.01
1520969,Merke,KZ,42.87,73.18,09/28/20,            50,46,78,2.59
5848280,Kapaa,US,22.08,-159.32,09/28/20,            76.03,83,75,10.29
3691582,Talara,PE,-4.58,-81.27,09/28/20,            73.4,69,14,12.75
5486795,Raton,US,36.9,-104.44,09/28/20,            48.7,36,90,10.29
2618795,Klaksvík,FO,62.23,-6.59,09/28/20,            50,87,83,12.75
184570,Namanga,KE,-2.54,36.79,09/28/20,            74.35,54,75,12.41
2027042,Batagay-Alyta,RU,67.8,130.41,09/28/20,            30.38,91,10,4.21
5563397,Eureka,US,40.8,-124.16,09/28/20,            74.97,28,75,4.7
2074865,Carnarvon,AU,-24.87,113.63,09/28/20,            66.2,82,0,12.75
2017155,Saskylakh,RU,71.92,114.08,09/28/20,            30.85,98,100,19.73
1495626,Pangody,RU,65.85,74.49,09/28/20,            35.62,86,24,8.77
3430863,Mar del Plata,AR,-38,-57.56,09/28/20,            59,58,20,13.87
352733,Marsá Maţrūḩ,EG,31.35,27.25,09/28/20,            80.6,74,0,8.05
5961417,Gimli,CA,50.63,-96.99,09/28/20,            53.71,99,97,17
6167817,Torbay,CA,47.67,-52.73,09/28/20,            66.92,88,75,24.16
3386213,Touros,BR,-5.2,-35.46,09/28/20,            84.2,66,40,16.11
2020838,Lensk,RU,60.73,114.93,09/28/20,            46.27,81,100,13.76
528109,Mednogorsk,RU,51.41,57.59,09/28/20,            53.31,58,87,4.94
3618522,Laguna de Perlas,NI,12.34,-83.67,09/28/20,            84.2,83,40,4.7
1529484,Kumul,CN,42.8,93.45,09/28/20,            63.61,27,98,4.45
2014694,Tyrma,RU,50.08,132.17,09/28/20,            43.34,90,39,3.56
3404558,Cabedelo,BR,-6.98,-34.83,09/28/20,            84.2,66,75,12.75
3985710,Cabo San Lucas,MX,22.89,-109.91,09/28/20,            88.56,66,5,4.7
5557293,Sitka,US,57.05,-135.33,09/28/20,            53.6,76,75,8.05
2121385,Severo-Kuril'sk,RU,50.68,156.12,09/28/20,            50.47,88,97,21
4020109,Atuona,PF,-9.8,-139.03,09/28/20,            77.92,72,3,15.26
1528998,Yumen,CN,40.28,97.2,09/28/20,            50.41,70,1,7.43
2012956,Yerbogachën,RU,61.28,108.01,09/28/20,            44.69,80,100,13.65
5493403,Sunland Park,US,31.8,-106.58,09/28/20,            67.33,28,1,8.05
2013375,Vitim,RU,59.45,112.56,09/28/20,            44.71,79,100,12.03
3457135,Miracatu,BR,-24.28,-47.46,09/28/20,            93.45,45,100,0.87
98182,Baghdad,IQ,33.34,44.4,09/28/20,            89.6,22,0,10.29
3134404,Tolga,NO,62.41,11,09/28/20,            53.6,93,23,13.87
2121025,Srednekolymsk,RU,67.45,153.68,09/28/20,            42.49,64,99,3.87
2126785,Belaya Gora,RU,68.53,146.42,09/28/20,            40.44,78,0,4.47
367544,Sawākin,SD,19.11,37.33,09/28/20,            88.03,59,4,6.82
934322,Mahébourg,MU,-20.41,57.7,09/28/20,            73.4,83,75,6.93
763534,Nowy Sącz,PL,49.62,20.7,09/28/20,            53.62,100,100,7
964712,Plettenberg Bay,ZA,-34.05,23.37,09/28/20,            54.37,66,0,7.81
2121909,Poronaysk,RU,49.22,143.12,09/28/20,            54.27,88,98,8.21
1259385,Port Blair,IN,11.67,92.75,09/28/20,            78.62,86,100,15.7
2033147,Zhaozhou,CN,45.68,125.32,09/28/20,            45.27,81,37,8.32
3516376,Tamiahua,MX,21.27,-97.45,09/28/20,            87.06,73,39,5.79
2299625,Kintampo,GH,8.06,-1.73,09/28/20,            78.3,77,23,0.78
161616,Balkanabat,TM,39.51,54.37,09/28/20,            63.64,27,0,11.7
2013216,Vysokogornyy,RU,50.12,139.15,09/28/20,            45.25,91,100,8.52
3424607,Tasiilaq,GL,65.61,-37.64,09/28/20,            35.6,80,100,16.11
6100086,Peachland,CA,49.77,-119.74,09/28/20,            58.06,66,1,3.36
511359,Pereslavl'-Zalesskiy,RU,56.74,38.86,09/28/20,            50.63,69,99,8.99
3459094,Laguna,BR,-28.48,-48.78,09/28/20,            66.38,71,67,13.44
3374210,São Filipe,CV,14.9,-24.5,09/28/20,            81.7,79,45,11.21
2110227,Butaritari,KI,3.07,172.79,09/28/20,            81.55,74,91,13.67
739209,Suşehri,TR,40.16,38.09,09/28/20,            66.81,47,0,3.89
3137469,Sørland,NO,67.67,12.69,09/28/20,            53.6,93,75,6.93
1525798,Balkhash,KZ,46.84,74.98,09/28/20,            46.18,56,21,15.9
933995,Souillac,MU,-20.52,57.52,09/28/20,            73.4,83,75,6.93
3374346,Ponta do Sol,CV,17.2,-25.09,09/28/20,            91.4,55,75,19.46
6165406,Thompson,CA,55.74,-97.86,09/28/20,            41,86,90,2.24
5983720,Iqaluit,CA,63.75,-68.51,09/28/20,            26.29,86,90,8.05
2206900,Westport,NZ,-41.75,171.6,09/28/20,            43.25,74,100,24.07
3366880,Hermanus,ZA,-34.42,19.23,09/28/20,            54,90,11,10.54
5883074,Albanel,CA,48.88,-72.45,09/28/20,            75.2,64,75,5.82
3421719,Narsaq,GL,60.92,-46.05,09/28/20,            41,35,5,5.82
6690296,Saint-Joseph,RE,-21.37,55.62,09/28/20,            71.6,78,40,3.36
3573374,The Valley,AI,18.22,-63.06,09/28/20,            86.74,62,20,17.22
1492299,Shebalino,RU,51.29,85.68,09/28/20,            36.64,84,86,1.32
553766,Kamenka,RU,51.32,42.77,09/28/20,            53.53,41,38,11.03
2015852,Svetlaya,RU,46.54,138.33,09/28/20,            59.36,77,73,5.46
2126199,Cherskiy,RU,68.75,161.3,09/28/20,            40.87,69,93,15.64
935214,Saint-Pierre,RE,-21.34,55.48,09/28/20,            71.6,78,40,3.36
3516171,Barra de Tecoanapa,MX,16.52,-98.75,09/28/20,            88,61,87,6.73
1490256,Talnakh,RU,69.49,88.4,09/28/20,            32,95,75,11.18
935215,Saint-Philippe,RE,-21.36,55.77,09/28/20,            72.36,78,40,3.36
3994469,Ojinaga,MX,29.57,-104.42,09/28/20,            72.32,28,40,13.87
1735799,Sri Aman,MY,1.24,111.46,09/28/20,            77,100,100,0.31
2332515,Lafia,NG,8.48,8.52,09/28/20,            77.94,85,86,4.09
5282297,Bethel,US,41.37,-73.41,09/28/20,            73.53,73,75,12.75
2444995,Filingué,NE,14.35,3.32,09/28/20,            99.14,23,43,5.75
1637001,Biak,ID,-0.91,122.88,09/28/20,            74.86,79,95,4.18
2629833,Husavik,IS,66.04,-17.34,09/28/20,            44.6,56,20,5.82
780643,Bjørnevatn,NO,69.67,29.98,09/28/20,            50,87,75,21.92
893485,Chiredzi,ZW,-21.05,31.67,09/28/20,            71.69,71,35,2.08
3108317,Tarancón,ES,40.01,-3.01,09/28/20,            71.22,26,17,3.36
2208248,Kaitangata,NZ,-46.28,169.85,09/28/20,            34,81,73,13
608270,Shubarshi,KZ,48.59,57.19,09/28/20,            56.5,44,22,4.9
315498,Heraclea,TR,37.51,34.05,09/28/20,            67.19,32,0,4.16
2023298,Kalanguy,RU,51.02,116.52,09/28/20,            31.93,96,1,2.35
3665315,Anori,BR,-3.77,-61.64,09/28/20,            94.41,42,71,1.95
2152659,Port Macquarie,AU,-31.43,152.92,09/28/20,            47.97,93,8,1.01
593406,Varėna,LT,54.22,24.57,09/28/20,            50.65,81,1,4.7
212730,Kisangani,CD,0.52,25.2,09/28/20,            80.6,78,75,3.51
468747,Yashkul',RU,46.17,45.34,09/28/20,            58.5,49,96,14.83
3603998,Paptalaya,HN,15.5,-84.32,09/28/20,            87.8,74,40,9.17
1524606,Derzhavīnsk,KZ,51.1,66.32,09/28/20,            50.92,51,0,3.76
3421765,Nanortalik,GL,60.14,-45.24,09/28/20,            36.64,74,0,15.32
286245,Sur,OM,22.57,59.53,09/28/20,            83.73,59,0,9.33
5847411,Kahului,US,20.89,-156.47,09/28/20,            74.86,73,1,8.55
2377457,Nouadhibou,MR,20.93,-17.03,09/28/20,            77,69,0,24.16
3412093,Vestmannaeyjar,IS,63.44,-20.27,09/28/20,            44.6,81,75,16.11
876177,Luau,AO,-10.71,22.22,09/28/20,            74.59,63,97,5.77
3430443,Necochea,AR,-38.55,-58.74,09/28/20,            54,80,32,8.01
2411397,Georgetown,SH,-7.93,-14.42,09/28/20,            74.46,78,99,16.62
4013679,Coahuayana Viejo,MX,18.73,-103.68,09/28/20,            80.6,78,75,5.59
5563839,Fortuna,US,40.6,-124.16,09/28/20,            73.89,33,40,8.05
2439155,Tanout,NE,14.97,8.89,09/28/20,            97.68,16,64,6.38
2729907,Longyearbyen,SJ,78.22,15.64,09/28/20,            39.2,86,75,8.05
55671,Kismayo,SO,-0.36,42.55,09/28/20,            77.74,85,45,13.29
2136825,Isangel,VU,-19.55,169.27,09/28/20,            72.07,82,2,6.78
2092164,Lorengau,PG,-2.02,147.27,09/28/20,            80.35,78,96,7.38
2015306,Tiksi,RU,71.69,128.87,09/28/20,            31.15,93,70,18.48
515805,Oktyabr'skoye,RU,43.06,44.74,09/28/20,            59,77,75,6.71
5720495,Coos Bay,US,43.37,-124.22,09/28/20,            71.85,46,1,9.17
6137063,Sackville,CA,45.92,-64.38,09/28/20,            77.7,78,75,25.28
1847947,Shingū,JP,33.73,135.98,09/28/20,            67.44,85,98,6.49
4032243,Vaini,TO,-21.2,-175.2,09/28/20,            71.6,94,20,3.36
3471451,Arraial do Cabo,BR,-22.97,-42.03,09/28/20,            83.17,65,20,6.93
105298,Jizan,SA,17.33,42.67,09/28/20,            89.6,75,20,5.82
2013406,Vidim,RU,56.41,103.11,09/28/20,            37.31,89,55,5.37
1501377,Kungurtug,RU,50.6,97.52,09/28/20,            30.56,83,14,1.03
3382160,Cayenne,GF,4.93,-52.33,09/28/20,            89.6,59,87,17.22
2097418,Finschhafen,PG,-6.6,147.87,09/28/20,            75.29,89,100,1.1
4031574,Provideniya,RU,64.38,-173.3,09/28/20,            32.25,90,24,5.55
2184707,Wanaka,NZ,-44.7,169.15,09/28/20,            25.72,86,36,9.13
3397963,Itamaracá,BR,-7.75,-34.83,09/28/20,            82.4,69,75,11.41
5905393,Bonavista,CA,48.65,-53.11,09/28/20,            62.91,82,67,18.03
1786764,Yichang,CN,30.71,111.28,09/28/20,            68.27,83,99,1.1
2012780,Zabaykal'sk,RU,49.63,117.32,09/28/20,            37.72,77,0,15.82
4032369,Pangai,TO,-19.8,-174.35,09/28/20,            75.2,83,75,12.75
3933104,Pangoa,PE,-12.12,-73,09/28/20,            78.93,81,43,1.63
3423146,Ilulissat,GL,69.22,-51.1,09/28/20,            32,90,40,4.7
3469294,Bonito,BR,-21.12,-56.48,09/28/20,            90.48,42,51,5.93
6089245,Norman Wells,CA,65.28,-126.83,09/28/20,            41,100,90,13.87
2014718,Tynda,RU,55.17,124.72,09/28/20,            32.47,96,21,3
3372707,Ribeira Grande,PT,38.52,-28.7,09/28/20,            73.4,78,40,11.41
2347303,Bende,NG,5.56,7.64,09/28/20,            74.46,94,93,6.08
3868633,Vallenar,CL,-28.57,-70.76,09/28/20,            75.96,24,0,14.81
6170031,Tuktoyaktuk,CA,69.45,-133.04,09/28/20,            35.6,100,90,8.05
1282256,Hithadhoo,MV,-0.6,73.08,09/28/20,            83.75,69,83,9.26
3443061,Chui,UY,-33.7,-53.46,09/28/20,            64.06,58,13,12.08
3868626,Valparaíso,CL,-33.04,-71.63,09/28/20,            61.81,55,100,5.82
2138555,Poum,NC,-20.23,164.02,09/28/20,            72.3,88,97,19.06
1540475,Turtas,RU,58.94,69.13,09/28/20,            38.86,87,60,5.32
5530932,Socorro,US,31.65,-106.3,09/28/20,            67.17,28,5,19.46
4033557,Tautira,PF,-17.73,-149.15,09/28/20,            77,83,40,4.7
991664,Kathu,ZA,-27.7,23.05,09/28/20,            57.99,14,0,11.92
5924351,Clyde River,CA,70.47,-68.59,09/28/20,            30.2,86,75,18.34
245785,Abéché,TD,13.83,20.83,09/28/20,            72.91,86,66,12.5
1507390,Dikson,RU,73.51,80.55,09/28/20,            37.09,96,100,24.7
2120048,Ust-Nera,RU,64.57,143.2,09/28/20,            45.66,69,92,4.45
1337610,Thinadhoo,MV,0.53,72.93,09/28/20,            83.39,72,66,8.39
609906,Fort-Shevchenko,KZ,44.51,50.26,09/28/20,            63.21,39,4,16.53
1213855,Sibolga,ID,1.74,98.78,09/28/20,            77.61,78,99,2.95
3389822,Salinópolis,BR,-0.61,-47.36,09/28/20,            83.84,64,50,13.13
3380290,Sinnamary,GF,5.38,-52.95,09/28/20,            85.59,63,51,14.79
1272864,Dhārchula,IN,29.85,80.53,09/28/20,            62.4,54,0,3.8
2063523,Perth,AU,-31.93,115.83,09/28/20,            51.04,93,20,4.7
3468020,Camapuã,BR,-19.53,-54.04,09/28/20,            100.24,18,67,10.22
935248,Sainte-Suzanne,RE,-20.91,55.61,09/28/20,            73.4,53,20,11.41
2152667,Portland,AU,-38.33,141.6,09/28/20,            44.83,87,83,8.5
2062276,Roebourne,AU,-20.78,117.13,09/28/20,            73.53,25,21,16.31
104515,Makkah al Mukarramah,SA,21.43,39.83,09/28/20,            85.8,38,0,2.33
2396853,Omboué,GA,-1.57,9.26,09/28/20,            75.81,71,75,7.09
3372964,Lagoa,PT,39.05,-27.98,09/28/20,            69.21,89,100,18.03
3204161,Bileća,BA,42.87,18.43,09/28/20,            60.8,77,20,8.05
1803841,Lianzhou,CN,24.78,112.38,09/28/20,            72.72,89,99,0.45
3587498,Acajutla,SV,13.59,-89.83,09/28/20,            84.74,58,40,3.36
2035836,Manzhouli,CN,49.6,117.43,09/28/20,            38.28,75,0,16.28
60019,Eyl,SO,7.98,49.82,09/28/20,            77.86,82,1,14.05
1162275,Zahir Pir,PK,28.81,70.52,09/28/20,            85.86,26,0,7.63
2123814,Leningradskiy,RU,69.38,178.42,09/28/20,            31.73,90,93,4.23
1797929,Qingdao,CN,36.1,120.37,09/28/20,            67.17,88,75,2.24
1062663,Mahajanga,MG,-15.72,46.32,09/28/20,            78.8,83,20,8.05
2015701,Taksimo,RU,56.34,114.88,09/28/20,            35.91,83,75,3.04
358048,Damietta,EG,31.42,31.81,09/28/20,            82.4,74,0,9.17
2037485,Erenhot,CN,43.65,111.98,09/28/20,            49.15,46,97,8.9
4021858,Guerrero Negro,MX,27.98,-114.06,09/28/20,            82.27,45,0,10.31
3590069,San José,GT,16.98,-89.9,09/28/20,            96.12,43,11,1.63
1649150,Bengkulu,ID,-3.8,102.27,09/28/20,            76.24,90,67,8.88
1685615,Suba,PH,10.84,121.01,09/28/20,            83.91,72,80,6.76
3625066,Zaraza,VE,9.35,-65.32,09/28/20,            84.34,78,74,3.31
1519924,Kushmurun,KZ,52.45,64.63,09/28/20,            52.39,66,0,1.86
5887916,Athabasca,CA,54.72,-113.29,09/28/20,            61.27,60,100,15.93
5855051,‘Ewa Beach,US,21.32,-158.01,09/28/20,            74.43,83,20,3.36
2100765,Angoram,PG,-4.06,144.07,09/28/20,            73.45,96,100,2.46
1176995,Havelian,PK,34.05,73.17,09/28/20,            75.13,49,40,13.87
2101169,Aitape,PG,-3.14,142.35,09/28/20,            78.28,77,90,3.31
3639898,Guatire,VE,10.48,-66.54,09/28/20,            85.44,70,40,2.24
3354077,Opuwo,NA,-18.06,13.84,09/28/20,            68.63,23,16,8.05
5932311,Creston,CA,49.1,-116.5,09/28/20,            51.94,71,1,1.59
5509851,Pahrump,US,36.21,-115.98,09/28/20,            83.25,17,0,3
3408343,Acopiara,BR,-6.1,-39.45,09/28/20,            100.15,20,0,7.74
2513195,Novelda,ES,38.38,-0.77,09/28/20,            69.94,66,0,8.01
3446587,Terra Nova,BR,-12.37,-40.67,09/28/20,            91.98,24,0,5.28
2015352,Terney,RU,45.05,136.61,09/28/20,            57.52,78,19,7.09
1729469,Baculin,PH,7.45,126.58,09/28/20,            78.67,79,61,4.63
2138522,Poya,NC,-21.35,165.15,09/28/20,            68.68,85,99,12.82
3870243,Taltal,CL,-25.4,-70.48,09/28/20,            62.74,56,36,7.14
2108502,Honiara,SB,-9.43,159.95,09/28/20,            77.5,80,64,5.32
978895,Margate,ZA,-30.86,30.37,09/28/20,            58.71,77,38,9.13
2189343,Kaeo,NZ,-35.1,173.78,09/28/20,            51.01,89,4,12.88
3391387,Porto de Moz,BR,-1.75,-52.24,09/28/20,            93.85,44,29,2.75
1282027,Malé,MV,4.17,73.51,09/28/20,            84.2,79,75,5.82
2455290,Kidal,ML,18.44,1.41,09/28/20,            98.19,11,0,2.55
6148373,Sioux Lookout,CA,50.1,-91.92,09/28/20,            50,87,90,5.82
2063042,Port Hedland,AU,-20.32,118.57,09/28/20,            68,94,69,5.82
780687,Berlevåg,NO,70.86,29.09,09/28/20,            44.6,87,20,4.7
5870133,Nome,US,64.5,-165.41,09/28/20,            30.7,86,1,3.36
1736458,Kudat,MY,6.88,116.85,09/28/20,            75.11,94,20,2.24
2068110,Kununurra,AU,-15.77,128.73,09/28/20,            75.2,73,40,3.36
504840,Proletariy,RU,58.43,31.7,09/28/20,            53.94,77,97,7.16
1499350,Mariinsk,RU,56.21,87.75,09/28/20,            46.17,82,71,9.06
2027296,Aykhal,RU,66,111.5,09/28/20,            33.8,100,90,6.71
1015776,Bredasdorp,ZA,-34.53,20.04,09/28/20,            53.6,81,0,11.41
2141305,Fayaoué,NC,-20.65,166.53,09/28/20,            72.63,87,85,16.87
1640344,Kendari,ID,-3.94,122.5,09/28/20,            75.34,91,100,2.95
3465303,Costa Rica,BR,-23.42,-54.65,09/28/20,            79.9,47,50,6.67
3698359,Chicama,PE,-7.84,-79.15,09/28/20,            73.69,53,22,11.14
1337607,Kudahuvadhoo,MV,2.67,72.89,09/28/20,            83.08,70,90,5.5
5866063,Kenai,US,60.55,-151.26,09/28/20,            46.42,87,75,6.93
3690875,Virú,PE,-8.42,-78.75,09/28/20,            72.9,54,7,9.73
496285,Severodvinsk,RU,64.56,39.83,09/28/20,            50,93,19,4.47
3356832,Henties Bay,NA,-22.12,14.28,09/28/20,            57,79,0,10.42
1489597,Timiryazevskiy,RU,56.49,84.88,09/28/20,            50.76,71,100,8.95
3837213,San Juan,AR,-31.54,-68.54,09/28/20,            80.55,16,10,19.26
546105,Nikolskoye,RU,59.7,30.79,09/28/20,            51.93,81,40,2.24
523392,Naryan-Mar,RU,67.67,53.09,09/28/20,            42.22,81,94,14.88
675130,Jurilovca,RO,44.77,28.87,09/28/20,            67.28,82,73,11.41
3456176,Nova Era,BR,-19.75,-43.04,09/28/20,            96.49,18,1,4.94
4738214,Tyler,US,32.35,-95.3,09/28/20,            70.41,49,1,17.22
2014836,Tupik,RU,54.43,119.93,09/28/20,            32.34,94,23,3.18
258007,Magoula,GR,38.08,23.52,09/28/20,            76.37,78,75,6.53
723455,Stropkov,SK,49.2,21.65,09/28/20,            53.38,92,100,1.99
160660,Chalinze,TZ,-6.64,38.35,09/28/20,            74.43,84,59,6.46
1244926,Hambantota,LK,6.12,81.12,09/28/20,            81.1,80,66,16.46
323776,Antalya Province,TR,36.77,30.72,09/28/20,            78.8,74,1,2.24
1272502,Diu,IN,20.71,70.98,09/28/20,            78.21,80,74,8.97
3520994,Puerto Escondido,MX,15.85,-97.07,09/28/20,            87.8,66,40,9.06
3416888,Grindavik,IS,63.84,-22.43,09/28/20,            44.6,75,75,8.05
86049,Jalu,LY,29.03,21.55,09/28/20,            92.43,15,0,9.37
2071860,Esperance,AU,-33.87,121.9,09/28/20,            51.8,100,90,5.82
2112444,Kamaishi,JP,39.27,141.88,09/28/20,            57.49,78,3,4.12
4004293,Ixtapa,MX,20.7,-105.2,09/28/20,            86,79,90,4.7
2394560,Djougou,BJ,9.71,1.67,09/28/20,            82.4,69,20,6.93
777019,Vardø,NO,70.37,31.11,09/28/20,            48.2,93,75,14.99
2112309,Katsuura,JP,35.13,140.3,09/28/20,            68.25,77,75,13.87
233093,Kaabong,UG,3.48,34.15,09/28/20,            72.5,53,51,9.73
5919850,Chapais,CA,49.78,-74.85,09/28/20,            66.2,59,90,5.82
3451399,Ribas do Rio Pardo,BR,-20.44,-53.76,09/28/20,            99.75,22,88,13.58
915883,Kafue,ZM,-15.77,28.18,09/28/20,            84.2,23,78,2.24
2122614,Okha,RU,53.57,142.95,09/28/20,            49.15,83,96,16.42
2139521,Noumea,NC,-22.28,166.46,09/28/20,            64.4,100,99,13.87
1337620,Funadhoo,MV,6.15,73.27,09/28/20,            82.89,75,49,6.67
1798490,Pulandian,CN,39.4,121.97,09/28/20,            65.44,88,100,4.47
2990354,Arrondissement de Niort,FR,46.33,-0.33,09/28/20,            59,66,45,3
300617,Sivas Province,TR,39.79,37,09/28/20,            64.4,48,0,3.36
6068416,Mayo,CA,63.59,-135.9,09/28/20,            42.8,93,90,4.7
3355595,Mariental,NA,-24.63,17.97,09/28/20,            64.87,21,0,11.9
2906744,Helmbrechts,DE,50.24,11.72,09/28/20,            50.86,87,98,2.24
5605242,Rexburg,US,43.83,-111.79,09/28/20,            51.26,45,1,3.42
1521230,Makīnsk,KZ,52.63,70.42,09/28/20,            46.17,87,11,7.81
1266397,Kodīnar,IN,20.79,70.7,09/28/20,            78.37,79,44,8.3
6166224,Thurso,CA,45.6,-75.25,09/28/20,            76.55,73,75,6.93
1181065,Chitral,PK,35.85,71.79,09/28/20,            58.14,51,97,5.53
544084,Koslan,RU,63.46,48.9,09/28/20,            50.41,94,100,4.25
1259012,Rāichūr,IN,16.2,77.37,09/28/20,            76.28,83,100,7.72
760917,Pułtusk,PL,52.7,21.08,09/28/20,            54.66,73,66,8.99
1622318,Waingapu,ID,-9.66,120.26,09/28/20,            79.39,69,3,5.57
1607730,Phibun Mangsahan,TH,15.24,105.23,09/28/20,            78.8,88,40,3.36
127319,Khorramshahr,IR,30.44,48.17,09/28/20,            89.6,27,0,11.7
3448903,São João da Barra,BR,-21.64,-41.05,09/28/20,            87.8,58,45,6.93
4274277,Lawrence,US,38.97,-95.24,09/28/20,            65.41,52,1,20.8
3514868,Valle Hermoso,MX,25.67,-97.83,09/28/20,            88.3,75,75,9.17
912628,Kasempa,ZM,-13.46,25.83,09/28/20,            77.94,24,98,3.33
5354943,Half Moon Bay,US,37.46,-122.43,09/28/20,            79.36,82,1,9.17
3461958,Guanhães,BR,-18.77,-42.93,09/28/20,            94.33,18,0,5.77
64814,Bandarbeyla,SO,9.49,50.81,09/28/20,            77.4,83,0,20.49
3173758,Massa Marittima,IT,43.05,10.89,09/28/20,            60.96,74,20,1.25
2630299,Hofn,IS,64.25,-15.21,09/28/20,            46.4,87,75,4.7
3985168,San Patricio,MX,19.22,-104.7,09/28/20,            91.4,75,20,9.17
1792592,Tongren,CN,27.72,109.19,09/28/20,            63.63,89,100,2.24
3887127,Iquique,CL,-20.22,-70.14,09/28/20,            64.4,59,14,16.11
6111862,Port Hardy,CA,50.7,-127.42,09/28/20,            57.2,82,75,10.29
1082243,Ambilobe,MG,-13.2,49.05,09/28/20,            71.49,88,99,2.26
1529651,Altay,CN,47.87,88.12,09/28/20,            38.88,69,0,1.14
551145,Kem',RU,64.96,34.58,09/28/20,            51.84,83,98,7.87
1805935,Jiazi,CN,22.88,116.07,09/28/20,            76.3,87,100,9.13
1516048,Khovd,MN,48.01,91.64,09/28/20,            39.99,68,1,1.05
3393692,Itarema,BR,-2.92,-39.92,09/28/20,            85.24,64,16,19.66
2094027,Kieta,PG,-6.22,155.63,09/28/20,            76.28,83,100,7.09
2126682,Bilibino,RU,68.05,166.44,09/28/20,            29.52,92,42,1.12
2022572,Khatanga,RU,71.97,102.5,09/28/20,            30.51,95,100,14.09
3388847,São Félix do Xingu,BR,-6.64,-51.99,09/28/20,            96.35,32,23,3.76
5969025,Haines Junction,CA,60.75,-137.51,09/28/20,            42.78,77,85,11.25
3939168,Huarmey,PE,-10.07,-78.15,09/28/20,            68.56,65,21,10.42
2986732,Ploemeur,FR,47.73,-3.43,09/28/20,            59.95,100,75,8.95
3036132,Aulnoye-Aymeries,FR,50.2,3.84,09/28/20,            54.68,73,100,4
6162654,Témiscaming,CA,46.72,-79.1,09/28/20,            71.37,73,75,10.29
2083537,Wewak,PG,-3.55,143.63,09/28/20,            77.61,84,95,10.63
1864009,Fukuchiyama,JP,35.3,135.12,09/28/20,            59.79,100,79,1.23
1270779,Guhāgar,IN,17.48,73.19,09/28/20,            76.57,85,18,2.98
1633419,Padang,ID,-0.95,100.35,09/28/20,            77.68,79,98,4.16
2063036,Port Lincoln,AU,-34.73,135.87,09/28/20,            60.3,46,100,13.71
2428231,Massaguet,TD,12.48,15.44,09/28/20,            86,70,20,3.36
3687238,Cartagena,CO,10.4,-75.51,09/28/20,            89.6,70,75,9.17
2336589,Jalingo,NG,8.88,11.37,09/28/20,            76.62,85,86,2.28
301101,Serik,TR,36.92,31.1,09/28/20,            78.8,74,0,2.24
3439353,Bella Vista,PY,-22.13,-56.52,09/28/20,            74.48,79,69,5.1
2345521,Damaturu,NG,11.75,11.96,09/28/20,            78.19,67,85,0.92
2027740,Amurzet,RU,47.7,131.1,09/28/20,            45.73,87,41,8.72
1650434,Bambanglipuro,ID,-7.95,110.28,09/28/20,            76.84,83,72,8.3
2170581,Coolum Beach,AU,-26.53,153.1,09/28/20,            57.7,87,10,10.09
145233,Ābdānān,IR,32.99,47.42,09/28/20,            77.43,19,0,6.6
3393471,Oriximiná,BR,-1.77,-55.87,09/28/20,            97.29,33,22,9.15
2180815,Tuatapere,NZ,-46.13,167.68,09/28/20,            36,69,97,21.99
359792,Aswān,EG,24.09,32.91,09/28/20,            94.69,12,0,10.74
2112802,Hasaki,JP,35.73,140.83,09/28/20,            62.33,93,20,5.82
6173361,Vanderhoof,CA,54.02,-124.02,09/28/20,            54.1,83,98,4.03
1337605,Mahibadhoo,MV,3.78,72.97,09/28/20,            82.65,74,100,6.22
3883457,Lebu,CL,-37.62,-73.65,09/28/20,            52.72,73,99,10.83
3893726,Constitución,CL,-35.33,-72.42,09/28/20,            59.67,58,100,16.04
3533462,Acapulco de Juárez,MX,16.86,-99.89,09/28/20,            87.8,62,75,8.05
4016734,Bucerías,MX,20.75,-105.33,09/28/20,            86,79,90,4.7
1512019,Aksarka,RU,66.56,67.8,09/28/20,            38.05,85,68,7.74
1582886,Kwang Binh,VN,17.48,106.6,09/28/20,            80.19,86,100,2.73
4470244,Havelock,US,34.88,-76.9,09/28/20,            81.1,57,20,3.36
1180729,Dalbandin,PK,28.89,64.41,09/28/20,            73.9,19,9,2.33
6173220,Valleyview,CA,55.07,-117.29,09/28/20,            57.09,70,98,19.6
5866583,Saint Paul Harbor,US,57.79,-152.41,09/28/20,            46.4,87,90,6.93
695574,Rodnikovo,UA,45.04,33.95,09/28/20,            62.11,70,74,2.37
1090225,Koungou,YT,-12.73,45.2,09/28/20,            77,78,38,3.36
2264923,Peniche,PT,39.36,-9.38,09/28/20,            64.92,77,100,7
2058430,Whyalla,AU,-33.03,137.58,09/28/20,            59,41,100,5.82
1735485,Gurun,MY,5.82,100.47,09/28/20,            76.75,88,20,3.36
547677,Kletskaya,RU,49.31,43.06,09/28/20,            55.04,40,58,10.02
217570,Buta,CD,2.79,24.73,09/28/20,            71.33,95,100,2.19
996930,Hendrina,ZA,-26.16,29.72,09/28/20,            54,81,0,4
3868707,Valdivia,CL,-39.81,-73.25,09/28/20,            55.4,66,75,2.24
2022773,Khandyga,RU,62.67,135.6,09/28/20,            46.72,94,100,4.61
5024719,Duluth,US,46.78,-92.11,09/28/20,            54.41,58,90,9.17
5554428,Ketchikan,US,55.34,-131.65,09/28/20,            53.6,93,40,5.82
3420846,Qaqortoq,GL,60.72,-46.03,09/28/20,            41,35,5,5.82
5637146,Anaconda,US,46.13,-112.94,09/28/20,            50.02,45,1,4.7
2446796,Bilma,NE,18.69,12.92,09/28/20,            95.34,10,56,5.26
5935341,Dauphin,CA,51.15,-100.05,09/28/20,            50,66,90,10.29
2186313,Napier City,NZ,-39.48,176.92,09/28/20,            51.01,71,6,16.73
2064735,Nhulunbuy,AU,-12.23,136.77,09/28/20,            73.4,88,1,7.45
3575284,Monkey Hill,KN,17.32,-62.72,09/28/20,            88.59,63,20,13.87
3530264,Copala,MX,16.65,-98.98,09/28/20,            85.46,66,96,5.03
1519691,Sarkand,KZ,45.41,79.92,09/28/20,            38.37,70,58,0.51
315202,Eskişehir,TR,39.78,30.52,09/28/20,            72.54,43,29,4.7
1176048,Jati,PK,24.35,68.27,09/28/20,            81.12,75,0,11.9
5864145,Homer,US,59.64,-151.55,09/28/20,            46.94,100,90,4.7
157014,Kisanga,TZ,-7.44,37.7,09/28/20,            77.68,73,36,9.19
2120591,Tilichiki,RU,60.47,166.1,09/28/20,            34.52,90,8,2.28
1133310,Mīrābād,AF,30.44,61.84,09/28/20,            73.74,20,46,19.69
1040652,Maputo,MZ,-25.97,32.59,09/28/20,            66.88,88,90,9.17
2033196,Zhangjiakou,CN,40.81,114.88,09/28/20,            55.65,60,100,8.03
2019296,Never,RU,53.98,124.17,09/28/20,            35.26,89,55,3.53
2191562,Dunedin,NZ,-45.87,170.5,09/28/20,            33.93,76,44,10
1642588,Jember,ID,-8.17,113.7,09/28/20,            72.57,86,20,1.21
2021799,Konstantinovka,RU,49.62,127.98,09/28/20,            43.93,80,56,5.77
559752,Gornozavodsk,RU,58.38,58.32,09/28/20,            45.61,94,42,3.02
1513023,Pop,UZ,40.87,71.11,09/28/20,            64.4,45,100,4.7
1806840,Huilong,CN,31.81,121.66,09/28/20,            71.38,81,84,5.55
2037078,Hailar,CN,49.2,119.7,09/28/20,            38.7,75,28,11.72
64435,Berbera,SO,10.44,45.01,09/28/20,            88.95,67,70,8.68
7671223,Kloulklubed,PW,7.04,134.26,09/28/20,            77,94,75,5.82
5711149,Altamont,US,42.21,-121.74,09/28/20,            63.27,33,1,6.93
1788927,Xingtai,CN,37.06,114.49,09/28/20,            69.04,55,95,3.15
1253084,Vizianagaram,IN,18.12,83.42,09/28/20,            80.6,88,75,6.93
3460087,Jardim,BR,-21.48,-56.14,09/28/20,            90.32,45,66,6.2
5062458,West Fargo,US,46.88,-96.9,09/28/20,            53.78,62,90,19.46
532096,Makhachkala,RU,42.98,47.5,09/28/20,            64.2,52,70,13.42
3652758,Puerto Baquerizo Moreno,EC,-0.9,-89.6,09/28/20,            73.4,73,75,18.34
3832791,Villa Carlos Paz,AR,-31.42,-64.5,09/28/20,            78.24,15,0,17.22
962367,Richards Bay,ZA,-28.78,32.04,09/28/20,            61.83,88,99,7.65
5882953,Aklavik,CA,68.22,-135.01,09/28/20,            37.4,100,90,9.17
294117,Nahariya,IL,33.01,35.09,09/28/20,            80.01,84,0,14.88
3407407,Aquiraz,BR,-3.9,-38.39,09/28/20,            87.8,58,20,18.34
1255344,Suriāpet,IN,17.15,79.62,09/28/20,            76.89,88,70,4.74
3382226,Camopi,GF,3.17,-52.32,09/28/20,            97.27,29,10,6.38
690247,Velyka Lepetykha,UA,47.18,33.94,09/28/20,            67.14,55,96,9.98
2209055,Waddān,LY,29.16,16.14,09/28/20,            93.51,13,28,12.55
1817990,Anqiu,CN,36.43,119.19,09/28/20,            64.98,71,100,5.14
569591,Chekhov,RU,55.14,37.47,09/28/20,            51.24,71,90,6.71
545728,Komsomol'skiy,RU,43.98,46.7,09/28/20,            61.21,61,97,15.88
1523662,Kachīry,KZ,53.07,76.1,09/28/20,            51.66,77,87,9.26
1957875,Andalan,PH,5.96,121.39,09/28/20,            79.45,81,98,5.75
4944903,Nantucket,US,41.28,-70.1,09/28/20,            69.44,94,90,12.75
5972291,Havre-St-Pierre,CA,50.23,-63.6,09/28/20,            66.2,77,40,12.75
3457398,Mato Verde,BR,-15.4,-42.87,09/28/20,            100.44,9,0,9.1
2137773,Vao,NC,-22.67,167.48,09/28/20,            67.44,89,100,23.29
3832899,Viedma,AR,-40.81,-63,09/28/20,            75.99,25,11,1.99
698921,Novi Troyany,UA,45.94,28.86,09/28/20,            63.5,67,46,9.93
1485020,Znamenskoye,RU,57.13,73.83,09/28/20,            45.79,85,100,12.46
167357,Manbij,SY,36.53,37.95,09/28/20,            77,38,0,13.96
5380437,Pacific Grove,US,36.62,-121.92,09/28/20,            65.08,56,1,3.71
3653967,Muisne,EC,0.6,-80.03,09/28/20,            76.73,80,88,11.59
5861897,Fairbanks,US,64.84,-147.72,09/28/20,            37.06,77,90,2.73
479561,Ufa,RU,54.77,56.04,09/28/20,            46.2,81,0,6.71
1489661,Tevriz,RU,57.51,72.4,09/28/20,            44.08,81,100,10.56
3860443,Comodoro Rivadavia,AR,-45.87,-67.5,09/28/20,            66.2,34,75,25.28
1788522,Hancheng,CN,32.52,112.35,09/28/20,            66.7,91,100,4.05
3994939,Nieves,MX,24,-103.02,09/28/20,            81.05,19,9,13.85
6201197,Muhafazat Lahij,YE,13.17,44.58,09/28/20,            84.63,64,39,5.06
576566,Bezhetsk,RU,57.79,36.7,09/28/20,            48.22,78,87,8.88
2030065,Mandalgovi,MN,45.76,106.27,09/28/20,            39.88,62,91,4.16
3014383,Guéret,FR,46.17,1.87,09/28/20,            54.63,66,75,4.7
1526970,Abay,KZ,49.63,72.85,09/28/20,            41,75,67,8.95
2017215,Sangar,RU,63.92,127.47,09/28/20,            34.21,96,26,3.04
1283095,Mahendranagar,NP,28.92,80.33,09/28/20,            75.99,69,0,3.8
1651103,Atambua,ID,-9.11,124.89,09/28/20,            71.58,85,47,4.25
970341,Nkowakowa,ZA,-23.89,30.29,09/28/20,            64.4,10,36,6.93
2112539,Iwaki,JP,37.05,140.88,09/28/20,            58.12,92,73,1.01
3461592,Ibipeba,BR,-11.64,-42.01,09/28/20,            99.19,13,0,1.45
88533,Awjilah,LY,29.11,21.29,09/28/20,            93,15,0,9.6
2464157,Wadi Maliz,TN,36.47,8.55,09/28/20,            75.2,38,0,6.93
5367788,Lompoc,US,34.64,-120.46,09/28/20,            62.38,82,90,3.36
1737185,Kapit,MY,2.02,112.93,09/28/20,            75,84,100,1.54
1261672,Nautanwa,IN,27.43,83.42,09/28/20,            77.77,81,3,2.33
2270385,Camacha,PT,33.08,-16.33,09/28/20,            69.8,77,40,12.75
2964782,Dingle,IE,52.14,-10.27,09/28/20,            57.2,71,20,5.82
3359638,Walvis Bay,NA,-22.96,14.51,09/28/20,            59.88,55,0,13.87
3467677,Campos Novos,BR,-27.4,-51.23,09/28/20,            66.94,57,63,7.14
1515029,Ulaangom,MN,49.98,92.07,09/28/20,            37.76,77,8,0.69
3465373,Correntina,BR,-13.34,-44.64,09/28/20,            102.56,9,19,6.29
3996322,Mazatlán,MX,23.22,-106.42,09/28/20,            87.8,74,40,3.36
292968,Abu Dhabi,AE,24.47,54.37,09/28/20,            89.6,70,0,3.36
602150,Umeå,SE,63.83,20.26,09/28/20,            49.53,100,90,3.36
4031742,Egvekinot,RU,66.32,-179.17,09/28/20,            28.8,91,94,2.15
2013465,Verkhoyansk,RU,67.54,133.38,09/28/20,            35.02,83,17,6.49
3372760,Praia da Vitória,PT,38.73,-27.07,09/28/20,            73.65,83,40,12.03
1106643,Quatre Cocos,MU,-20.21,57.76,09/28/20,            73.71,83,75,6.93
6067747,Matagami,CA,49.75,-77.63,09/28/20,            59,93,90,3.6
1514588,Andijan,UZ,40.78,72.34,09/28/20,            69.01,97,100,8.01
2016307,Solnechnyy,RU,50.72,136.63,09/28/20,            46.87,78,97,3.83
3804949,Guasdualito,VE,7.24,-70.73,09/28/20,            87.8,66,40,6.93
2019867,Mokhsogollokh,RU,61.47,128.92,09/28/20,            34.66,94,49,4.56
5101798,Newark,US,40.74,-74.17,09/28/20,            77,73,75,8.05
3526923,Huichapan,MX,20.38,-99.65,09/28/20,            73.4,38,40,8.05
1043893,Lichinga,MZ,-13.31,35.24,09/28/20,            69.46,49,21,8.84
1812256,Dongsheng,CN,39.82,109.98,09/28/20,            52.16,89,98,8.86
3414079,Olafsvik,IS,64.89,-23.71,09/28/20,            39.67,91,98,12.44
779622,Havøysund,NO,71,24.66,09/28/20,            48.18,87,100,1.12
1689663,San Isidro,PH,15.02,120.82,09/28/20,            77,94,75,4.7
576093,Blagoyevo,RU,63.37,47.92,09/28/20,            50.41,92,99,4.7
124291,Mehrān,IR,33.12,46.16,09/28/20,            75.2,23,0,2.24
1581349,Ha Giang,VN,22.83,104.98,09/28/20,            76.5,85,96,1.5
3391889,Pitimbu,BR,-7.47,-34.81,09/28/20,            84.2,66,75,12.75
986717,Kruisfontein,ZA,-34,24.73,09/28/20,            55,68,0,1.99
2156643,Mount Gambier,AU,-37.83,140.77,09/28/20,            42.8,93,100,8.05
3838859,Río Gallegos,AR,-51.62,-69.22,09/28/20,            44.6,39,40,17.22
3521912,Paraiso,MX,18.4,-93.23,09/28/20,            89.6,70,40,4.18
1606030,Surin,TH,14.88,103.49,09/28/20,            81,80,100,9.08
2972349,Arrondissement de Toul,FR,48.67,5.92,09/28/20,            52.97,100,100,5.82
2654970,Brae,GB,60.4,-1.35,09/28/20,            53.6,87,20,16.11
5779548,Payson,US,40.04,-111.73,09/28/20,            60.66,35,1,3.36
6096551,Pangnirtung,CA,66.15,-65.71,09/28/20,            33.8,80,75,12.75
6620339,Karratha,AU,-20.74,116.85,09/28/20,            72.09,26,29,16.26
3440034,Tacuarembó,UY,-31.73,-55.98,09/28/20,            65.68,52,0,12.06
2018735,Nyurba,RU,63.28,118.33,09/28/20,            42.22,89,92,11.56
778707,Mehamn,NO,71.04,27.85,09/28/20,            44.6,87,20,4.7
1175156,Kamalia,PK,30.73,72.65,09/28/20,            82.09,22,0,4.34
2036776,Huadian,CN,42.96,126.75,09/28/20,            52.09,92,100,5.23
4676740,Brownsville,US,25.9,-97.5,09/28/20,            88.16,66,40,4.7
376332,Doka,SD,13.52,35.77,09/28/20,            79.66,64,20,4.29
2126710,Beringovskiy,RU,63.05,179.32,09/28/20,            37.56,74,87,6.58
2120769,Talaya,RU,61.38,152.75,09/28/20,            35.51,85,62,7.76
1053384,Toamasina,MG,-18.17,49.38,09/28/20,            71.6,100,40,3.36
3402648,Carutapera,BR,-1.2,-46.02,09/28/20,            85.89,58,11,10.8
3381041,Mana,GF,5.66,-53.78,09/28/20,            86.47,63,0,13.85
3421193,Paamiut,GL,61.99,-49.67,09/28/20,            36.86,75,0,21.59
3883615,Lautaro,CL,-38.52,-72.45,09/28/20,            53.6,76,75,4.7
187725,Maralal,KE,1.1,36.7,09/28/20,            66.58,59,56,13.31
140951,Behbahān,IR,30.6,50.24,09/28/20,            88.18,38,0,11.41
2194098,Ahipara,NZ,-35.17,173.17,09/28/20,            56.08,77,22,16.17
5920381,Chase,CA,50.82,-119.69,09/28/20,            56.37,67,75,8.05
522377,Nevinnomyssk,RU,44.63,41.95,09/28/20,            66,4,0,17
2125906,Dukat,RU,62.55,155.55,09/28/20,            31.41,98,70,6.98
100926,Umluj,SA,25.02,37.27,09/28/20,            87.08,55,0,4.74
3982266,Tecate,MX,32.57,-116.63,09/28/20,            89.94,18,0,16.11
3733380,Campoverde,PE,-8.48,-74.81,09/28/20,            91.4,55,75,6.93
2021031,Kyren,RU,51.68,102.14,09/28/20,            36.75,75,0,2.8
4982044,Waldoboro,US,44.1,-69.38,09/28/20,            65.86,100,90,6.93
3114530,Palencia,ES,42.42,-4.5,09/28/20,            60.69,40,49,1.01
1253237,Verāval,IN,20.9,70.37,09/28/20,            79.93,77,22,8.21
1488708,Ubinskoye,RU,55.31,79.68,09/28/20,            48.7,89,100,8.7
1863997,Fukuechō,JP,32.69,128.84,09/28/20,            71.19,72,0,9.86
485699,Svetlogorsk,RU,54.94,20.15,09/28/20,            48.2,87,2,2.24
3855075,General Pico,AR,-35.66,-63.76,09/28/20,            75.2,29,0,7.52
2140558,Koumac,NC,-20.57,164.28,09/28/20,            70.72,87,87,18.86
3146487,Raudeberg,NO,61.99,5.14,09/28/20,            57,89,83,15.64
2075720,Broome,AU,-17.97,122.23,09/28/20,            77,78,22,6.93
187231,Maua,KE,0.23,37.94,09/28/20,            67.73,62,59,8.41
200061,Port Victoria,KE,0.09,33.98,09/28/20,            74.88,67,3,4.83
3893629,Coquimbo,CL,-29.95,-71.34,09/28/20,            59,72,75,19.46
6301965,Howard Springs,AU,-12.5,131.05,09/28/20,            77.83,88,40,3.83
6355222,Yulara,AU,-25.24,130.99,09/28/20,            66.2,88,90,10.29
1805270,Jishou,CN,28.32,109.72,09/28/20,            63.1,91,100,1.34
556268,Ostrovnoy,RU,68.05,39.51,09/28/20,            50.41,88,98,15.5
3981391,Tomatlán,MX,19.93,-105.25,09/28/20,            91.27,63,93,2.26
3395981,Maceió,BR,-9.67,-35.74,09/28/20,            80.6,74,75,10.29
2239862,Malanje,AO,-9.54,16.34,09/28/20,            75.4,54,61,7.63
2318123,Yenagoa,NG,4.92,6.26,09/28/20,            75.69,92,99,5.41
355449,Esna,EG,25.29,32.55,09/28/20,            91.4,29,0,7.52
2179639,Warkworth,NZ,-36.4,174.67,09/28/20,            54.66,86,38,15.01
2665171,Vänersborg,SE,58.38,12.32,09/28/20,            55.27,93,88,8.05
